transaction_id,customer_id,transaction_date,amount,merchant_category,location,device_type,hour,day_of_week,is_weekend,avg_amount,std_amount,transaction_count,is_fraud,risk_score,alert_date,status,reviewed_by
29,2215,2025-09-29 01:40:06.443031,72.6959541128578,Online,International,Online,1,0,0,115.69574960576256,68.52057340261914,5,1,35,2025-09-29 01:40:06.443031,False Positive,Analyst_2
32,2184,2025-09-06 16:52:48.443031,52.30330982140459,Gas Station,Domestic,Mobile,16,5,1,41.445975167722416,34.35422888766205,8,1,10,2025-09-06 16:52:48.443031,Confirmed,Analyst_1
41,2082,2025-10-14 05:01:22.443031,17.902817713168634,Gas Station,International,Mobile,5,1,0,90.71025139647428,71.50424417036858,7,1,35,2025-10-14 05:01:22.443031,Confirmed,System
44,3047,2025-09-07 00:05:27.443031,32.13771943366735,Online,International,Online,0,6,1,32.13771943366735,,1,1,45,2025-09-07 00:05:27.443031,Confirmed,Analyst_2
87,4152,2025-10-19 00:21:46.443031,203.57110373393192,Restaurant,Domestic,Mobile,0,6,1,84.19479766399601,103.91690793094986,3,1,25,2025-10-19 00:21:46.443031,Confirmed,System
97,4843,2025-08-12 18:20:22.443031,12.344393254175555,Restaurant,Domestic,Mobile,18,1,0,38.43895563827257,34.493782787150664,4,1,0,2025-08-12 18:20:22.443031,Pending,Analyst_2
119,4796,2025-10-02 18:51:41.443031,26.443670781082584,Restaurant,Domestic,Online,18,3,0,30.62043652386707,5.906838760301158,2,1,0,2025-10-02 18:51:41.443031,Confirmed,System
137,4928,2025-10-24 15:05:21.443031,170.11911419677435,Restaurant,International,POS,15,4,0,98.80355629975072,79.79429937789307,3,1,20,2025-10-24 15:05:21.443031,Confirmed,System
199,1863,2025-10-10 14:17:34.443031,163.58548756225147,Retail,International,POS,14,4,0,85.44401248546126,110.50873383743591,2,1,20,2025-10-10 14:17:34.443031,Pending,Analyst_1
230,2643,2025-09-18 08:10:20.443031,161.88548211409136,Gas Station,Domestic,POS,8,3,0,161.88548211409136,,1,1,0,2025-09-18 08:10:20.443031,False Positive,Analyst_2
262,1683,2025-09-30 00:39:32.443031,42.958778124695904,Travel,Domestic,Online,0,1,0,42.958778124695904,,1,1,15,2025-09-30 00:39:32.443031,Pending,Analyst_2
273,2853,2025-10-09 07:13:24.443031,170.5147034953414,Online,Domestic,POS,7,3,0,56.872917445334714,66.3505499159491,5,1,0,2025-10-09 07:13:24.443031,Confirmed,Analyst_2
293,1854,2025-09-23 02:11:12.443031,29.298934269369536,Online,International,Mobile,2,1,0,32.2376901699228,4.156028451066382,2,1,35,2025-09-23 02:11:12.443031,Confirmed,System
308,4510,2025-08-29 01:16:56.443031,184.25288394094432,Retail,International,Online,1,4,0,84.58085408369698,70.64105185855892,4,1,35,2025-08-29 01:16:56.443031,Confirmed,Analyst_1
329,4397,2025-08-06 03:07:23.443031,153.2082303754009,Restaurant,Domestic,POS,3,2,0,73.91584645154032,70.75146085677413,3,1,15,2025-08-06 03:07:23.443031,Pending,Analyst_1
384,2154,2025-09-12 16:58:28.443031,42.117752990292615,Retail,Domestic,POS,16,4,0,51.861672746810754,13.779983470343105,2,1,0,2025-09-12 16:58:28.443031,Confirmed,Analyst_2
409,1337,2025-08-15 09:49:19.443031,30.65800643803283,Travel,Domestic,POS,9,4,0,35.87793080601074,23.692419253298723,5,1,0,2025-08-15 09:49:19.443031,Pending,Analyst_2
463,2215,2025-08-09 16:17:47.443031,202.2279749457288,Gas Station,Domestic,POS,16,5,1,115.69574960576256,68.52057340261914,5,1,10,2025-08-09 16:17:47.443031,Confirmed,System
509,2686,2025-08-08 04:17:46.443031,71.36308951975792,Gas Station,Domestic,POS,4,4,0,64.68453000623755,30.854880732479717,3,1,15,2025-08-08 04:17:46.443031,Pending,System
531,3875,2025-10-18 02:53:33.443031,16.02492714337647,Grocery,International,POS,2,5,1,29.472899332288126,26.733119267143213,5,1,45,2025-10-18 02:53:33.443031,Pending,System
544,2906,2025-08-22 09:43:41.443031,164.48179480354014,Retail,Domestic,POS,9,4,0,85.94158857362766,68.46187429206998,3,1,0,2025-08-22 09:43:41.443031,False Positive,Analyst_1
559,2148,2025-09-18 22:38:44.443031,18.855696191336328,Travel,Domestic,Online,22,3,0,11.304304928222523,10.67927993908124,2,1,0,2025-09-18 22:38:44.443031,Confirmed,System
560,3197,2025-07-31 11:16:46.443031,158.46985023009577,Grocery,Domestic,POS,11,3,0,136.12928644402893,31.59432829731694,2,1,0,2025-07-31 11:16:46.443031,Pending,System
610,2853,2025-10-07 08:08:10.443031,6.981522458447777,Grocery,Domestic,POS,8,1,0,56.872917445334714,66.3505499159491,5,1,0,2025-10-07 08:08:10.443031,False Positive,System
611,3838,2025-10-14 16:30:39.443031,51.56108794468862,Retail,Domestic,Online,16,1,0,54.48104771282602,37.618539369400054,4,1,0,2025-10-14 16:30:39.443031,Pending,Analyst_2
629,4956,2025-08-26 14:28:27.443031,239.12128759787828,Gas Station,Domestic,Online,14,1,0,83.6501717220743,101.10805121419051,5,1,0,2025-08-26 14:28:27.443031,Pending,System
634,2470,2025-08-18 14:46:39.443031,212.02890213218058,Retail,International,POS,14,0,0,212.02890213218058,,1,1,20,2025-08-18 14:46:39.443031,Pending,Analyst_2
649,4118,2025-10-01 22:43:12.443031,9.60534092700986,Retail,Domestic,Online,22,2,0,51.976661199030644,55.591616943361224,4,1,0,2025-10-01 22:43:12.443031,Confirmed,Analyst_1
661,3388,2025-08-07 11:55:27.443031,23.525895735232833,Gas Station,Domestic,POS,11,3,0,23.525895735232833,,1,1,0,2025-08-07 11:55:27.443031,Confirmed,Analyst_1
667,1356,2025-08-27 10:14:57.443031,25.976263019923966,Gas Station,Domestic,Online,10,2,0,21.790987115196746,5.91887394673856,2,1,0,2025-08-27 10:14:57.443031,Pending,Analyst_2
670,3569,2025-09-15 15:01:48.443031,0.8528727326465901,Gas Station,Domestic,POS,15,0,0,6.038907111245775,7.334160153148094,2,1,0,2025-09-15 15:01:48.443031,Pending,Analyst_2
683,2015,2025-10-14 06:38:04.443031,189.5748184090207,Travel,Domestic,Mobile,6,1,0,141.08267174917455,130.77650582950278,4,1,0,2025-10-14 06:38:04.443031,Confirmed,System
684,2348,2025-09-18 06:00:43.443031,166.70484262668802,Retail,Domestic,Online,6,3,0,68.7728456508961,66.77100683339528,4,1,0,2025-09-18 06:00:43.443031,Confirmed,System
693,3207,2025-08-03 18:22:43.443031,199.18490454528396,Travel,Domestic,Online,18,6,1,102.08925174778214,92.36926064651867,3,1,10,2025-08-03 18:22:43.443031,False Positive,Analyst_1
716,1011,2025-09-06 19:02:20.443031,278.96103062433366,Gas Station,Domestic,Online,19,5,1,75.44238632704013,114.60985183623687,5,1,10,2025-09-06 19:02:20.443031,Confirmed,Analyst_1
717,2630,2025-09-30 12:43:33.443031,32.173447934139034,Online,Domestic,Online,12,1,0,26.98670238432061,11.214501182113533,5,1,0,2025-09-30 12:43:33.443031,Confirmed,Analyst_1
737,4267,2025-09-29 12:54:09.443031,160.6269490842701,Gas Station,Domestic,Online,12,0,0,133.8176746088391,27.315194323561332,4,1,0,2025-09-29 12:54:09.443031,Confirmed,Analyst_1
784,1396,2025-10-03 13:57:03.443031,152.1034876607742,Retail,Domestic,POS,13,4,0,80.15187176544852,74.99915650350378,3,1,0,2025-10-03 13:57:03.443031,Confirmed,System
819,3156,2025-09-20 05:43:06.443031,221.2006406021946,Retail,Domestic,Online,5,5,1,47.72700929794815,78.23721334298,7,1,55,2025-09-20 05:43:06.443031,Confirmed,System
861,2856,2025-08-28 00:18:19.443031,152.0993649756171,Travel,International,POS,0,3,0,102.7157395933195,43.50991145836688,3,1,35,2025-08-28 00:18:19.443031,Pending,Analyst_1
878,3214,2025-09-11 05:00:37.443031,30.768858290776063,Grocery,Domestic,Mobile,5,3,0,76.49669723637663,64.66893001488093,2,1,15,2025-09-11 05:00:37.443031,Confirmed,System
935,2256,2025-09-04 05:27:42.443031,137.57114851591203,Travel,Domestic,Online,5,3,0,49.62210104031972,54.816960715545804,5,1,15,2025-09-04 05:27:42.443031,Confirmed,System
944,4330,2025-10-20 03:14:17.443031,93.79565637224464,Online,International,Online,3,0,0,51.964747878428184,59.15783811834312,2,1,35,2025-10-20 03:14:17.443031,Pending,Analyst_2
959,2145,2025-10-08 23:38:16.443031,30.871641334387732,Travel,Domestic,Online,23,2,0,67.13542681863572,51.28473725481207,2,1,0,2025-10-08 23:38:16.443031,Confirmed,Analyst_2
967,1539,2025-10-08 16:40:51.443031,168.36577294936737,Retail,Domestic,Online,16,2,0,105.86813770633844,88.38500337693822,2,1,0,2025-10-08 16:40:51.443031,Confirmed,Analyst_1
1053,1684,2025-09-01 03:17:14.443031,215.51131762555232,Grocery,Domestic,POS,3,0,0,68.51864022716114,57.99209438461531,9,1,45,2025-09-01 03:17:14.443031,Pending,Analyst_1
1069,1437,2025-09-18 05:21:42.443031,175.5230860641273,Online,Domestic,Online,5,3,0,100.82944206744757,105.63276436317221,2,1,15,2025-09-18 05:21:42.443031,Pending,Analyst_1
1090,3900,2025-09-25 05:30:14.443031,4.738560032525738,Grocery,Domestic,POS,5,3,0,21.194133162945988,14.262727293804168,3,1,15,2025-09-25 05:30:14.443031,Pending,Analyst_1
1095,3150,2025-09-13 23:08:44.443031,2.6291429287657877,Online,Domestic,POS,23,5,1,19.635108270837843,24.050066828005114,2,1,10,2025-09-13 23:08:44.443031,Confirmed,Analyst_1
1150,2994,2025-10-04 05:05:55.443031,92.42862882599037,Retail,Domestic,Online,5,5,1,44.34126187991249,32.89526900893261,5,1,25,2025-10-04 05:05:55.443031,Confirmed,System
1198,2079,2025-10-09 01:27:39.443031,55.54345367167047,Retail,International,Online,1,3,0,106.87442069181445,111.95863107247874,4,1,35,2025-10-09 01:27:39.443031,Confirmed,Analyst_2
1212,2715,2025-10-19 15:17:17.443031,150.53692855948015,Retail,Domestic,POS,15,6,1,80.91874889151642,62.415618880023246,5,1,10,2025-10-19 15:17:17.443031,Pending,Analyst_2
1213,3766,2025-09-12 08:31:03.443031,26.27155179365433,Retail,Domestic,Mobile,8,4,0,26.27155179365433,,1,1,0,2025-09-12 08:31:03.443031,Confirmed,Analyst_2
1298,2605,2025-08-08 02:46:34.443031,97.09610164780501,Gas Station,International,POS,2,4,0,51.26924706988808,44.634759633613115,5,1,35,2025-08-08 02:46:34.443031,Pending,System
1306,3397,2025-08-10 18:45:45.443031,222.71080214613585,Gas Station,Domestic,Mobile,18,6,1,68.68683356150066,103.26975021086623,4,1,10,2025-08-10 18:45:45.443031,Pending,System
1359,1319,2025-09-29 05:27:18.443031,173.59880208042563,Online,International,Online,5,0,0,173.59880208042563,,1,1,35,2025-09-29 05:27:18.443031,Confirmed,System
1372,3039,2025-09-05 14:50:53.443031,150.29272816458823,Grocery,International,Online,14,4,0,68.02488108394327,71.26654498400083,3,1,20,2025-09-05 14:50:53.443031,Confirmed,Analyst_2
1377,3219,2025-10-19 05:59:27.443031,17.757102406798175,Retail,Domestic,Online,5,6,1,17.757102406798175,,1,1,25,2025-10-19 05:59:27.443031,Confirmed,Analyst_2
1380,2191,2025-09-05 22:31:50.443031,169.10130522570154,Retail,International,Online,22,4,0,68.58955387018611,75.24920050807346,7,1,20,2025-09-05 22:31:50.443031,Pending,Analyst_2
1409,3560,2025-09-16 07:22:45.443031,10.345507471411734,Restaurant,Domestic,POS,7,1,0,38.867224278579656,41.07370548181928,3,1,0,2025-09-16 07:22:45.443031,Confirmed,Analyst_2
1445,4708,2025-09-10 18:34:46.443031,155.2496419800347,Gas Station,Domestic,Online,18,2,0,88.29033224894378,69.54452247466547,3,1,0,2025-09-10 18:34:46.443031,Confirmed,Analyst_2
1572,4533,2025-10-22 03:12:36.443031,23.313102276943955,Online,International,Online,3,2,0,51.91054305519864,48.45464681424031,3,1,35,2025-10-22 03:12:36.443031,Confirmed,System
1614,4281,2025-10-02 04:02:17.443031,162.91166711438038,Travel,Domestic,Online,4,3,0,102.68821909341952,85.16881696411399,2,1,15,2025-10-02 04:02:17.443031,Pending,System
1619,3687,2025-08-04 15:20:15.443031,21.1252174269768,Gas Station,Domestic,Online,15,0,0,174.1447271974809,216.40226602512922,2,1,0,2025-08-04 15:20:15.443031,Confirmed,Analyst_2
1631,4572,2025-09-10 17:53:06.443031,260.7379501591762,Restaurant,Domestic,POS,17,2,0,180.20784254170678,113.88677037199012,2,1,0,2025-09-10 17:53:06.443031,Confirmed,System
1644,1966,2025-09-19 00:59:38.443031,357.0032192630376,Restaurant,Domestic,POS,0,4,0,220.45286782714413,193.11135894745294,2,1,15,2025-09-19 00:59:38.443031,Confirmed,Analyst_2
1649,1147,2025-09-23 00:28:09.443031,16.786687189412497,Restaurant,International,POS,0,1,0,40.90720355857932,50.51254697463282,6,1,35,2025-09-23 00:28:09.443031,False Positive,Analyst_2
1652,3523,2025-09-07 04:02:22.443031,184.61861677175133,Restaurant,Domestic,POS,4,6,1,94.20161274860982,127.86895335866943,2,1,25,2025-09-07 04:02:22.443031,False Positive,Analyst_2
1685,3549,2025-10-08 07:42:18.443031,37.413671202917165,Grocery,Domestic,POS,7,2,0,43.00962952964196,16.684245697064934,3,1,0,2025-10-08 07:42:18.443031,Confirmed,System
1701,1777,2025-08-21 07:19:50.443031,7.013769175005466,Retail,Domestic,POS,7,3,0,22.34582528239291,14.735514179561523,5,1,0,2025-08-21 07:19:50.443031,False Positive,Analyst_1
1709,2823,2025-08-10 06:02:48.443031,168.7332897110837,Retail,Domestic,Online,6,6,1,80.45246486162044,67.83628325826064,6,1,10,2025-08-10 06:02:48.443031,Pending,Analyst_1
1725,4310,2025-10-24 06:54:52.443031,172.1356246380777,Travel,Domestic,Online,6,4,0,86.94545263246896,78.82783540952072,3,1,0,2025-10-24 06:54:52.443031,Pending,Analyst_1
1740,3861,2025-08-23 10:21:46.443031,0.9795960013547653,Gas Station,Domestic,POS,10,5,1,31.247046510046623,36.0921542127016,4,1,10,2025-08-23 10:21:46.443031,Confirmed,Analyst_1
1755,1774,2025-08-04 06:47:17.443031,158.47970960885408,Gas Station,Domestic,Online,6,0,0,158.47970960885408,,1,1,0,2025-08-04 06:47:17.443031,False Positive,Analyst_1
1846,1341,2025-09-09 03:32:40.443031,37.893881017541126,Gas Station,International,Online,3,1,0,52.60907289029359,44.19817601311678,6,1,35,2025-09-09 03:32:40.443031,Confirmed,System
1852,1167,2025-09-01 15:16:49.443031,92.43379608256194,Restaurant,International,Online,15,0,0,65.68015767775982,37.83535827489685,2,1,20,2025-09-01 15:16:49.443031,Confirmed,Analyst_2
1889,3791,2025-08-19 14:15:15.443031,72.78615702397285,Online,Domestic,Online,14,1,0,114.20623822799264,38.91251352490804,3,1,0,2025-08-19 14:15:15.443031,Confirmed,Analyst_1
1890,2250,2025-08-28 20:55:38.443031,21.58860806610639,Travel,Domestic,Online,20,3,0,44.29470738969414,50.83603167161764,3,1,0,2025-08-28 20:55:38.443031,Pending,Analyst_1
2024,4033,2025-09-07 21:40:23.443031,55.28992971855141,Travel,Domestic,Online,21,6,1,23.870418058037234,27.219453529362987,3,1,10,2025-09-07 21:40:23.443031,Confirmed,Analyst_1
2063,3032,2025-08-30 23:09:10.443031,73.57906372002525,Online,Domestic,Online,23,5,1,74.83518617860241,69.41701668301964,3,1,10,2025-08-30 23:09:10.443031,Pending,Analyst_2
2070,4511,2025-09-21 17:04:40.443031,12.945038030036333,Retail,Domestic,POS,17,6,1,73.53443944706322,40.83331272306585,5,1,10,2025-09-21 17:04:40.443031,Pending,Analyst_1
2111,1806,2025-10-08 09:53:40.443031,178.87312013985868,Retail,Domestic,Mobile,9,2,0,178.87312013985868,,1,1,0,2025-10-08 09:53:40.443031,Pending,System
2129,2333,2025-08-12 01:51:19.443031,37.95718914804157,Retail,International,Online,1,1,0,52.18590346246879,43.00604337189455,4,1,35,2025-08-12 01:51:19.443031,Confirmed,Analyst_2
2143,2911,2025-09-06 04:26:46.443031,2.243649455716463,Grocery,Domestic,Online,4,5,1,21.929694391658177,25.261984405836195,3,1,25,2025-09-06 04:26:46.443031,Confirmed,Analyst_2
2181,4394,2025-08-09 12:21:09.443031,191.44263705883088,Gas Station,Domestic,Online,12,5,1,111.09375612439995,113.63047713897323,2,1,10,2025-08-09 12:21:09.443031,Pending,Analyst_2
2190,1169,2025-10-14 05:54:38.443031,2.0716148762113358,Travel,International,Online,5,1,0,2.0716148762113358,,1,1,35,2025-10-14 05:54:38.443031,Confirmed,Analyst_2
2242,4642,2025-08-13 07:06:20.443031,209.7495053472576,Online,Domestic,POS,7,2,0,99.331077566513,70.95630729081792,5,1,0,2025-08-13 07:06:20.443031,Confirmed,Analyst_1
2250,2193,2025-10-23 22:16:51.443031,32.70930001934992,Travel,International,Mobile,22,3,0,32.70930001934992,,1,1,20,2025-10-23 22:16:51.443031,False Positive,Analyst_1
2268,4508,2025-10-09 16:16:52.443031,217.52673142104624,Retail,Domestic,POS,16,3,0,93.07324850119163,107.9644898859332,4,1,0,2025-10-09 16:16:52.443031,False Positive,System
2426,2709,2025-09-07 01:56:11.443031,10.651814139098732,Restaurant,Domestic,Online,1,6,1,29.734519103092307,26.987020166844097,2,1,25,2025-09-07 01:56:11.443031,Pending,Analyst_1
2466,3768,2025-10-03 05:46:31.443031,55.70344701958334,Restaurant,International,Mobile,5,4,0,31.990939692155916,24.270491701307108,4,1,35,2025-10-03 05:46:31.443031,Pending,Analyst_2
2481,3848,2025-09-25 06:07:06.443031,231.38374958097313,Gas Station,Domestic,POS,6,3,0,87.73267946715434,98.38948923913557,4,1,0,2025-09-25 06:07:06.443031,Pending,System
2499,2109,2025-09-21 08:30:05.443031,25.307402892492515,Online,Domestic,POS,8,6,1,28.984174976820853,5.199740947411924,2,1,10,2025-09-21 08:30:05.443031,Confirmed,Analyst_1
2563,1021,2025-09-29 01:50:46.443031,167.18013149189326,Retail,Domestic,Online,1,0,0,41.14018953991565,64.47936857117601,6,1,15,2025-09-29 01:50:46.443031,Confirmed,Analyst_2
2570,1873,2025-10-25 01:00:57.443031,4.916897838327785,Restaurant,Domestic,POS,1,5,1,31.945233879776005,27.67096092978917,4,1,25,2025-10-25 01:00:57.443031,Pending,System
2586,4427,2025-08-17 21:50:24.443031,285.43891567537963,Travel,Domestic,POS,21,6,1,122.25722005263886,142.3731206982008,3,1,10,2025-08-17 21:50:24.443031,False Positive,System
2587,1684,2025-10-17 00:55:59.443031,69.4730146057002,Retail,International,Online,0,4,0,68.51864022716114,57.99209438461531,9,1,35,2025-10-17 00:55:59.443031,Confirmed,Analyst_1
2601,1548,2025-08-20 02:55:56.443031,154.09898792397993,Online,Domestic,POS,2,2,0,87.35621973516685,94.38852796294306,2,1,15,2025-08-20 02:55:56.443031,Confirmed,Analyst_2
2605,2082,2025-09-26 10:34:54.443031,211.76361892871626,Gas Station,Domestic,POS,10,4,0,90.71025139647428,71.50424417036858,7,1,0,2025-09-26 10:34:54.443031,Confirmed,Analyst_1
2667,3147,2025-08-09 22:11:41.443031,1.5654845707071583,Restaurant,Domestic,Online,22,5,1,1.5654845707071583,,1,1,10,2025-08-09 22:11:41.443031,Confirmed,System
2669,1477,2025-08-31 04:14:39.443031,0.6547793775704173,Retail,International,POS,4,6,1,14.429282062747427,14.905164891815126,3,1,45,2025-08-31 04:14:39.443031,Confirmed,Analyst_2
2689,3008,2025-07-31 13:30:23.443031,18.932644785842875,Retail,Domestic,POS,13,3,0,21.05949600779042,3.0078218432280055,2,1,0,2025-07-31 13:30:23.443031,False Positive,System
2791,2246,2025-10-11 19:55:00.443031,241.9952012268837,Grocery,Domestic,POS,19,5,1,128.12820703885436,104.63693978526078,3,1,10,2025-10-11 19:55:00.443031,Pending,System
2836,3791,2025-09-09 07:13:11.443031,149.99826688249271,Travel,Domestic,POS,7,1,0,114.20623822799264,38.91251352490804,3,1,0,2025-09-09 07:13:11.443031,Confirmed,Analyst_2
2839,1986,2025-08-24 16:46:13.443031,2.9414873934559167,Online,Domestic,POS,16,6,1,2.9414873934559167,,1,1,10,2025-08-24 16:46:13.443031,Pending,Analyst_1
2895,4136,2025-10-21 19:46:17.443031,2.026060715679061,Retail,Domestic,Mobile,19,1,0,26.281962729164604,26.257345014516588,5,1,0,2025-10-21 19:46:17.443031,Confirmed,System
2916,4021,2025-10-02 00:05:48.443031,21.80736200608797,Restaurant,International,Online,0,3,0,28.916320680018753,12.221003613064376,4,1,35,2025-10-02 00:05:48.443031,Confirmed,Analyst_2
2954,2014,2025-08-23 14:50:43.443031,29.812223832073414,Gas Station,Domestic,POS,14,5,1,33.67269913060365,24.167149718305303,5,1,10,2025-08-23 14:50:43.443031,Pending,Analyst_1
2998,4179,2025-09-18 22:36:56.443031,181.99033704277434,Retail,Domestic,POS,22,3,0,87.15303018053834,91.09038594181396,3,1,0,2025-09-18 22:36:56.443031,Pending,Analyst_1
3010,1035,2025-08-04 01:22:03.443031,16.65465457824755,Online,Domestic,POS,1,0,0,43.318050217372374,19.16048917901376,5,1,15,2025-08-04 01:22:03.443031,Pending,System
3030,4976,2025-08-09 16:02:06.443031,150.73693979444275,Retail,Domestic,Online,16,5,1,63.91606942670319,77.73626794156029,3,1,10,2025-08-09 16:02:06.443031,Confirmed,Analyst_2
3063,3734,2025-09-14 08:22:15.443031,65.56206324886139,Online,Domestic,Online,8,6,1,86.84047691647538,83.92287052219073,4,1,10,2025-09-14 08:22:15.443031,Confirmed,Analyst_1
3069,1630,2025-09-14 06:17:05.443031,273.66173348935433,Retail,Domestic,POS,6,6,1,128.7395874151762,128.57748824849256,3,1,10,2025-09-14 06:17:05.443031,False Positive,Analyst_2
3112,3668,2025-08-04 02:40:10.443031,22.27867603005749,Gas Station,Domestic,Mobile,2,0,0,41.9603934965183,17.19869295410916,5,1,15,2025-08-04 02:40:10.443031,Pending,Analyst_1
3126,4046,2025-09-04 05:11:24.443031,61.92360027795475,Restaurant,International,POS,5,3,0,50.66624212249864,11.192615894729288,3,1,35,2025-09-04 05:11:24.443031,Pending,Analyst_2
3170,4374,2025-10-04 18:48:41.443031,44.31177316238579,Travel,Domestic,Mobile,18,5,1,71.60137578587243,68.95843762835824,6,1,10,2025-10-04 18:48:41.443031,Confirmed,Analyst_2
3176,3717,2025-09-01 17:39:50.443031,174.40214427191265,Grocery,Domestic,POS,17,0,0,138.54466784350234,106.26913405901273,3,1,0,2025-09-01 17:39:50.443031,Pending,Analyst_2
3179,3959,2025-08-07 14:43:30.443031,10.496615010677706,Restaurant,Domestic,Mobile,14,3,0,35.71130382369611,22.23628307539665,5,1,0,2025-08-07 14:43:30.443031,Pending,System
3181,1656,2025-09-22 15:27:09.443031,92.08103472515239,Gas Station,Domestic,Online,15,0,0,66.92929196480999,64.32495096715695,4,1,0,2025-09-22 15:27:09.443031,Confirmed,Analyst_1
3278,2811,2025-08-17 02:19:13.443031,159.9971043893296,Retail,International,POS,2,6,1,69.66186014411025,80.86684399093531,3,1,45,2025-08-17 02:19:13.443031,False Positive,Analyst_1
3280,4839,2025-10-04 10:04:11.443031,77.59615030596574,Retail,Domestic,POS,10,5,1,52.11976420092757,37.6814009222592,5,1,10,2025-10-04 10:04:11.443031,False Positive,System
3297,4507,2025-10-15 10:17:08.443031,197.2485425772694,Grocery,Domestic,POS,10,2,0,102.26722730375215,69.61392405911148,4,1,0,2025-10-15 10:17:08.443031,Pending,Analyst_1
3313,4244,2025-09-12 11:39:49.443031,212.93186641698537,Online,Domestic,Mobile,11,4,0,135.5418879361617,109.44595715934284,2,1,0,2025-09-12 11:39:49.443031,Pending,Analyst_1
3365,1399,2025-08-05 15:47:11.443031,156.43024975021768,Restaurant,Domestic,Online,15,1,0,81.6925680862249,105.69504302954158,2,1,0,2025-08-05 15:47:11.443031,Confirmed,System
3371,2575,2025-10-06 04:18:51.443031,72.57116131395232,Restaurant,Domestic,Mobile,4,0,0,72.57116131395232,,1,1,15,2025-10-06 04:18:51.443031,Confirmed,System
3381,1421,2025-10-25 06:13:56.443031,190.82069746512315,Travel,Domestic,Online,6,5,1,71.9971834199724,80.38130884446345,4,1,10,2025-10-25 06:13:56.443031,Confirmed,System
3382,4302,2025-07-31 12:00:21.443031,258.2591780568083,Grocery,Domestic,POS,12,3,0,96.87366053486541,140.10943122961788,3,1,0,2025-07-31 12:00:21.443031,Confirmed,Analyst_2
3402,1509,2025-09-28 05:41:39.443031,156.08609452082453,Gas Station,Domestic,POS,5,6,1,156.08609452082453,,1,1,25,2025-09-28 05:41:39.443031,Pending,System
3410,4662,2025-09-11 09:53:43.443031,38.54645729688876,Online,Domestic,Online,9,3,0,64.85370463707957,60.81831387112695,4,1,0,2025-09-11 09:53:43.443031,Pending,Analyst_2
3499,3148,2025-09-02 05:56:13.443031,5.607623662869602,Online,International,Online,5,1,0,19.602962001224476,16.62356179359111,5,1,35,2025-09-02 05:56:13.443031,False Positive,Analyst_1
3501,1844,2025-10-04 02:58:06.443031,150.167814615444,Gas Station,Domestic,Online,2,5,1,111.37465432624086,57.590617362705615,4,1,25,2025-10-04 02:58:06.443031,Confirmed,System
3595,1845,2025-09-28 16:20:21.443031,64.29181823897217,Restaurant,Domestic,POS,16,6,1,47.09616490395915,24.318326160241554,2,1,10,2025-09-28 16:20:21.443031,Confirmed,System
3606,1685,2025-08-04 18:19:26.443031,18.789301612912947,Grocery,Domestic,Online,18,0,0,38.204755595799384,25.576828844692706,3,1,0,2025-08-04 18:19:26.443031,Confirmed,System
3621,4468,2025-10-06 15:21:37.443031,201.0845800319816,Travel,Domestic,Mobile,15,0,0,137.28132184567374,90.23143305066877,2,1,0,2025-10-06 15:21:37.443031,Confirmed,System
3664,1702,2025-10-01 05:15:23.443031,74.11250346564971,Travel,International,POS,5,2,0,74.0491387408319,48.99392122501022,3,1,35,2025-10-01 05:15:23.443031,Pending,Analyst_1
3690,2247,2025-09-24 00:34:37.443031,58.021792668520334,Online,International,Online,0,2,0,23.74470274603998,29.881968031748627,3,1,35,2025-09-24 00:34:37.443031,Confirmed,Analyst_2
3698,4967,2025-08-10 21:08:56.443031,93.45737065125522,Online,Domestic,Online,21,6,1,93.45737065125522,,1,1,10,2025-08-10 21:08:56.443031,Confirmed,Analyst_1
3771,3547,2025-10-01 09:05:50.443031,58.511032696026696,Gas Station,Domestic,Online,9,2,0,31.4256085442833,21.60779057985414,4,1,0,2025-10-01 09:05:50.443031,Pending,Analyst_2
3778,1593,2025-10-14 02:17:59.443031,196.79221920177406,Restaurant,Domestic,POS,2,1,0,65.93666185370117,84.72846958374426,5,1,15,2025-10-14 02:17:59.443031,Pending,Analyst_1
3788,1405,2025-10-24 00:52:03.443031,75.82511902947734,Grocery,Domestic,Online,0,4,0,51.72989273901368,27.518505796201648,6,1,15,2025-10-24 00:52:03.443031,Confirmed,Analyst_1
3798,4775,2025-10-09 05:02:45.443031,102.96736552508227,Grocery,Domestic,POS,5,3,0,59.22779346052697,36.91210293788756,5,1,15,2025-10-09 05:02:45.443031,Confirmed,Analyst_1
3814,3810,2025-09-11 05:46:13.443031,6.588850835299705,Retail,International,POS,5,3,0,14.74377722555859,20.28748805159001,4,1,35,2025-09-11 05:46:13.443031,Confirmed,System
3815,2326,2025-09-17 18:49:22.443031,195.73117663471024,Gas Station,Domestic,POS,18,2,0,101.01175130524418,86.65437504702273,3,1,0,2025-09-17 18:49:22.443031,Confirmed,System
3843,1137,2025-07-29 13:07:23.443031,95.35328038988455,Travel,Domestic,Mobile,13,1,0,103.7781912520673,11.914623203083258,2,1,0,2025-07-29 13:07:23.443031,Confirmed,Analyst_2
3883,3839,2025-10-24 23:51:30.443031,190.18716659041868,Online,Domestic,Online,23,4,0,97.7319020437409,130.75148903470412,2,1,0,2025-10-24 23:51:30.443031,Confirmed,Analyst_1
3886,2861,2025-09-28 06:51:08.443031,122.42565689485836,Online,Domestic,POS,6,6,1,87.75790527552277,49.027604517046214,2,1,10,2025-09-28 06:51:08.443031,Confirmed,System
3934,3243,2025-10-14 22:07:18.443031,153.01312641144924,Online,Domestic,Online,22,1,0,84.65801862973287,60.70345255484227,3,1,0,2025-10-14 22:07:18.443031,Pending,Analyst_1
3941,3001,2025-08-07 08:41:39.443031,150.38413575521915,Grocery,Domestic,Mobile,8,3,0,66.14496299813243,58.83959795122468,4,1,0,2025-08-07 08:41:39.443031,Pending,Analyst_1
3973,2931,2025-07-31 01:09:29.443031,195.38768853561587,Travel,Domestic,POS,1,3,0,117.5714290193628,102.4151005042213,4,1,15,2025-07-31 01:09:29.443031,Confirmed,Analyst_2
4003,1197,2025-10-03 04:28:31.443031,213.40480713394047,Retail,Domestic,POS,4,4,0,67.4338636242965,81.31503020337755,6,1,15,2025-10-03 04:28:31.443031,Confirmed,Analyst_2
4096,4143,2025-09-02 20:47:31.443031,119.79961349966722,Retail,Domestic,Online,20,1,0,65.40632149825753,76.92373125051357,2,1,0,2025-09-02 20:47:31.443031,False Positive,Analyst_1
4100,4982,2025-08-11 22:49:09.443031,1.186928255131191,Restaurant,Domestic,POS,22,0,0,39.09140849889115,39.85475160383558,3,1,0,2025-08-11 22:49:09.443031,Confirmed,Analyst_1
4137,2781,2025-09-06 03:34:31.443031,50.19265306908135,Online,International,Online,3,5,1,46.90594943912486,36.9333202200869,7,1,45,2025-09-06 03:34:31.443031,Confirmed,Analyst_1
4140,3696,2025-08-05 04:41:32.443031,73.66118270977675,Retail,International,POS,4,1,0,28.854102885196852,39.20385109910525,3,1,35,2025-08-05 04:41:32.443031,Pending,Analyst_2
4207,1189,2025-08-27 22:58:21.443031,108.00004595332753,Grocery,Domestic,Online,22,2,0,58.04701462556966,45.026220345929445,5,1,0,2025-08-27 22:58:21.443031,Confirmed,Analyst_2
4302,1595,2025-08-29 04:00:15.443031,45.58785690068042,Online,Domestic,POS,4,4,0,27.751841270906905,13.84105235978347,4,1,15,2025-08-29 04:00:15.443031,Pending,System
4310,2750,2025-09-15 13:17:23.443031,148.87458561849866,Restaurant,Domestic,Online,13,0,0,68.1188628712327,72.13130099120526,3,1,0,2025-09-15 13:17:23.443031,Confirmed,Analyst_2
4361,2799,2025-08-08 03:29:46.443031,84.41870778177567,Retail,Domestic,POS,3,4,0,39.74319873769082,23.43116095925286,8,1,15,2025-08-08 03:29:46.443031,Pending,Analyst_1
4390,2986,2025-07-30 19:21:03.443031,23.738215618113557,Online,Domestic,POS,19,2,0,25.80232102687255,20.93925028387931,5,1,0,2025-07-30 19:21:03.443031,Pending,Analyst_1
4404,2031,2025-10-09 00:22:24.443031,37.691137616225966,Retail,International,Mobile,0,3,0,50.75757854352247,53.09329611170935,5,1,35,2025-10-09 00:22:24.443031,Confirmed,Analyst_2
4481,2325,2025-08-27 12:21:09.443031,23.540087144343282,Restaurant,Domestic,Online,12,2,0,62.23238608133258,73.75172018222305,3,1,0,2025-08-27 12:21:09.443031,Pending,System
4490,2830,2025-08-10 05:28:37.443031,53.02230265612754,Grocery,International,POS,5,6,1,38.21671830214046,16.87617568431232,3,1,45,2025-08-10 05:28:37.443031,Confirmed,Analyst_2
4500,3280,2025-09-13 17:07:56.443031,202.81846080118407,Gas Station,Domestic,Online,17,5,1,107.97628997819554,94.13079298095369,3,1,10,2025-09-13 17:07:56.443031,Confirmed,Analyst_2
4540,3150,2025-08-01 00:17:15.443031,36.6410736129099,Restaurant,Domestic,POS,0,4,0,19.635108270837843,24.050066828005114,2,1,15,2025-08-01 00:17:15.443031,Confirmed,Analyst_1
4545,4224,2025-08-18 04:34:03.443031,84.98434505662478,Restaurant,Domestic,POS,4,0,0,29.114619717296126,38.1582548731157,4,1,15,2025-08-18 04:34:03.443031,Pending,Analyst_1
4562,1419,2025-09-08 14:26:06.443031,147.87683683657784,Gas Station,Domestic,POS,14,0,0,93.36372703782705,56.35218436513035,5,1,0,2025-09-08 14:26:06.443031,Pending,System
4571,4808,2025-09-23 01:17:24.443031,29.94483199111675,Restaurant,Domestic,POS,1,1,0,44.997676194782606,31.595536912326907,3,1,15,2025-09-23 01:17:24.443031,Confirmed,Analyst_1
4576,3088,2025-09-25 05:20:28.443031,170.88647456347465,Retail,International,POS,5,3,0,94.28377747717974,108.33257313379623,2,1,35,2025-09-25 05:20:28.443031,Pending,System
4603,1386,2025-10-23 08:50:30.443031,15.863146982017273,Travel,Domestic,POS,8,3,0,32.742833634604345,44.073332115638976,5,1,0,2025-10-23 08:50:30.443031,False Positive,Analyst_2
4636,1374,2025-09-06 04:32:32.443031,21.16973216647074,Grocery,International,Online,4,5,1,35.10627315479173,29.58958326562254,6,1,45,2025-09-06 04:32:32.443031,Pending,System
4645,2474,2025-09-05 02:02:18.443031,42.84454498633763,Online,Domestic,POS,2,4,0,22.303248948801656,21.244500317642018,3,1,15,2025-09-05 02:02:18.443031,Confirmed,Analyst_2
4648,4243,2025-08-23 23:38:27.443031,176.77221928697472,Travel,Domestic,POS,23,5,1,70.45546296322152,72.84792179349697,4,1,10,2025-08-23 23:38:27.443031,Pending,Analyst_2
4650,2064,2025-10-21 03:37:32.443031,107.95541039520484,Online,International,Mobile,3,1,0,69.17174878676985,47.16932072038154,3,1,35,2025-10-21 03:37:32.443031,Confirmed,Analyst_1
4654,4146,2025-08-28 17:58:02.443031,213.5347406473049,Travel,Domestic,POS,17,3,0,110.65087619921047,145.49975645185023,2,1,0,2025-08-28 17:58:02.443031,False Positive,Analyst_2
4661,2403,2025-08-06 00:21:49.443031,31.26039153731743,Restaurant,International,POS,0,2,0,49.151695759171766,38.23913599054685,4,1,35,2025-08-06 00:21:49.443031,Confirmed,Analyst_2
4663,1678,2025-09-10 11:35:32.443031,266.5359353099387,Restaurant,Domestic,POS,11,2,0,184.86418162496813,115.50130172408015,2,1,0,2025-09-10 11:35:32.443031,Confirmed,System
4691,2829,2025-10-22 18:51:33.443031,77.95473673900642,Travel,International,POS,18,2,0,108.35405620598449,33.13774935761147,3,1,20,2025-10-22 18:51:33.443031,Pending,Analyst_1
4727,3172,2025-10-23 17:20:07.443031,238.94187890124908,Restaurant,Domestic,Online,17,3,0,86.32924247321913,90.22028783957208,5,1,0,2025-10-23 17:20:07.443031,False Positive,Analyst_1
4737,4940,2025-08-19 16:55:21.443031,180.40072694302992,Retail,Domestic,POS,16,1,0,105.53973963151084,91.21147374221444,3,1,0,2025-08-19 16:55:21.443031,Confirmed,Analyst_1
4742,1785,2025-08-06 05:07:19.443031,4.089100207155997,Retail,Domestic,POS,5,2,0,4.089100207155997,,1,1,15,2025-08-06 05:07:19.443031,Pending,Analyst_2
4813,4924,2025-09-23 05:08:05.443031,380.5668059191408,Online,International,POS,5,1,0,135.14131547283085,131.61894415350233,6,1,35,2025-09-23 05:08:05.443031,Pending,Analyst_2
4853,2771,2025-08-20 05:01:59.443031,5.805807219786464,Online,International,POS,5,2,0,41.46093523823195,59.10239183271751,4,1,35,2025-08-20 05:01:59.443031,Pending,System
4897,3784,2025-10-10 10:49:26.443031,65.28804890703451,Retail,International,Online,10,4,0,67.84105975175108,3.610502561483761,2,1,20,2025-10-10 10:49:26.443031,Pending,Analyst_1
4935,4374,2025-08-20 17:00:25.443031,210.6811607377428,Grocery,International,POS,17,2,0,71.60137578587243,68.95843762835824,6,1,50,2025-08-20 17:00:25.443031,False Positive,Analyst_1
4939,3311,2025-08-08 05:35:46.443031,26.3687297125026,Online,International,POS,5,4,0,17.147964011570565,13.040131909722742,2,1,35,2025-08-08 05:35:46.443031,Confirmed,Analyst_2
4986,3092,2025-09-21 23:01:25.443031,178.9492494002064,Grocery,Domestic,Online,23,6,1,133.43339033045788,64.36914519950082,2,1,10,2025-09-21 23:01:25.443031,Pending,System
5016,1631,2025-08-20 17:10:27.443031,251.80965958889726,Online,Domestic,POS,17,2,0,146.67492453060794,148.68296819593488,2,1,0,2025-08-20 17:10:27.443031,Confirmed,Analyst_2
5027,4304,2025-10-13 22:43:21.443031,31.678201760831186,Retail,International,Mobile,22,0,0,40.93133892187745,14.982722521369576,6,1,20,2025-10-13 22:43:21.443031,Confirmed,Analyst_1
5053,4085,2025-09-16 01:10:07.443031,21.122571207796003,Travel,International,POS,1,1,0,17.790441162637862,4.712343501453519,2,1,35,2025-09-16 01:10:07.443031,Pending,Analyst_2
5055,3459,2025-09-04 21:33:02.443031,30.59051549185523,Travel,Domestic,POS,21,3,0,15.77030818827054,14.690338822575548,3,1,0,2025-09-04 21:33:02.443031,Pending,System
5108,3624,2025-10-18 09:39:19.443031,167.66555688087098,Gas Station,Domestic,Online,9,5,1,125.71326248990748,59.32950370036931,2,1,10,2025-10-18 09:39:19.443031,Pending,System
5131,1470,2025-10-22 22:10:33.443031,170.53969106958553,Retail,International,POS,22,2,0,127.8854929706004,123.76682962324904,5,1,20,2025-10-22 22:10:33.443031,Confirmed,Analyst_2
5158,1532,2025-10-04 00:08:13.443031,193.7890516213698,Restaurant,Domestic,POS,0,5,1,126.60677046098479,95.01009316817894,2,1,25,2025-10-04 00:08:13.443031,Confirmed,Analyst_1
5181,1872,2025-09-18 00:07:21.443031,191.45189155061652,Retail,International,POS,0,3,0,117.25388557869769,81.5171948398357,3,1,35,2025-09-18 00:07:21.443031,False Positive,Analyst_2
5207,2751,2025-10-05 00:26:41.443031,14.600930619213697,Restaurant,International,POS,0,6,1,17.93820291480895,9.47239753318802,6,1,45,2025-10-05 00:26:41.443031,Confirmed,Analyst_2
5217,1539,2025-08-13 20:28:09.443031,43.370502463309535,Gas Station,Domestic,Mobile,20,2,0,105.86813770633844,88.38500337693822,2,1,0,2025-08-13 20:28:09.443031,Confirmed,System
5248,4209,2025-09-22 21:05:01.443031,158.1052542910363,Online,Domestic,POS,21,0,0,158.1052542910363,,1,1,0,2025-09-22 21:05:01.443031,False Positive,Analyst_2
5258,4607,2025-09-09 00:35:52.443031,34.9812402960404,Travel,International,POS,0,1,0,75.81804677393971,58.355782317497514,3,1,35,2025-09-09 00:35:52.443031,Confirmed,System
5290,2759,2025-09-09 06:36:36.443031,180.5540500746885,Online,International,Online,6,1,0,50.18950108433084,73.61701859939126,5,1,20,2025-09-09 06:36:36.443031,Confirmed,System
5335,2241,2025-09-03 16:19:19.443031,253.9438553415162,Grocery,Domestic,POS,16,2,0,92.13472736238919,140.13183474988196,3,1,0,2025-09-03 16:19:19.443031,Confirmed,Analyst_2
5369,4431,2025-09-21 20:47:16.443031,14.037939292165829,Restaurant,Domestic,Mobile,20,6,1,24.1774291364466,9.03280292492306,3,1,10,2025-09-21 20:47:16.443031,Confirmed,System
5389,4313,2025-10-03 23:45:10.443031,19.136992558645495,Restaurant,International,POS,23,4,0,29.35057141255314,20.72209566485708,3,1,20,2025-10-03 23:45:10.443031,Confirmed,Analyst_2
5418,4661,2025-10-14 06:28:55.443031,152.99869957115965,Online,Domestic,POS,6,1,0,106.7323055864361,65.43056185529304,2,1,0,2025-10-14 06:28:55.443031,Confirmed,Analyst_1
5421,2932,2025-10-05 13:54:49.443031,27.916880187915588,Gas Station,Domestic,POS,13,6,1,15.522802173255783,13.158322526888046,6,1,10,2025-10-05 13:54:49.443031,Confirmed,Analyst_1
5435,4823,2025-10-11 03:43:58.443031,8.675011211342637,Grocery,International,POS,3,5,1,22.36215201706381,22.49497139231661,3,1,45,2025-10-11 03:43:58.443031,Confirmed,System
5445,3319,2025-09-04 09:07:57.443031,177.53848345360768,Retail,Domestic,POS,9,3,0,137.267341681519,56.95199486633748,2,1,0,2025-09-04 09:07:57.443031,False Positive,Analyst_1
5467,3201,2025-08-31 14:47:30.443031,234.43495956087358,Retail,International,POS,14,6,1,77.30641579365968,106.03790958811794,4,1,30,2025-08-31 14:47:30.443031,Confirmed,Analyst_1
5487,1007,2025-09-21 01:39:31.443031,11.683922387059356,Online,International,POS,1,6,1,23.588459918361085,19.190142301729225,3,1,45,2025-09-21 01:39:31.443031,Pending,Analyst_2
5567,2105,2025-08-30 03:47:56.443031,154.3331496461283,Online,Domestic,POS,3,5,1,68.41296287285203,51.4211253059573,5,1,25,2025-08-30 03:47:56.443031,Confirmed,Analyst_2
5579,1314,2025-09-25 13:13:26.443031,10.7225090080279,Grocery,Domestic,Mobile,13,3,0,99.87268275929733,126.07738480696312,2,1,0,2025-09-25 13:13:26.443031,False Positive,Analyst_1
5582,1104,2025-10-04 08:56:34.443031,171.88257782770452,Online,International,POS,8,5,1,69.11695460852019,70.28365991811057,4,1,30,2025-10-04 08:56:34.443031,Confirmed,Analyst_1
5587,4349,2025-09-24 22:28:50.443031,29.266318659178165,Online,International,Online,22,2,0,14.042677122142038,13.192807616249535,3,1,20,2025-09-24 22:28:50.443031,Confirmed,Analyst_2
5604,3450,2025-09-30 02:37:57.443031,0.5608633130978774,Travel,International,Online,2,1,0,7.100326319311989,9.248197274025129,2,1,35,2025-09-30 02:37:57.443031,False Positive,Analyst_2
5626,3600,2025-09-12 14:34:27.443031,9.040189728979817,Travel,Domestic,POS,14,4,0,36.631843139112874,31.483943187522353,3,1,0,2025-09-12 14:34:27.443031,Confirmed,Analyst_1
5628,4218,2025-08-06 09:19:26.443031,13.002514233768286,Travel,Domestic,POS,9,2,0,35.87155440952535,39.07391485058468,6,1,0,2025-08-06 09:19:26.443031,False Positive,System
5653,4075,2025-09-03 00:09:35.443031,21.812882542016133,Travel,Domestic,Mobile,0,2,0,32.7564751921215,15.476577146865521,2,1,15,2025-09-03 00:09:35.443031,Pending,Analyst_2
5666,1180,2025-08-02 22:57:29.443031,159.76284414402312,Travel,Domestic,POS,22,5,1,90.85505530372357,97.45032953109303,2,1,10,2025-08-02 22:57:29.443031,False Positive,Analyst_2
5700,2849,2025-10-18 21:09:07.443031,61.14415820118803,Retail,International,POS,21,5,1,61.14415820118803,,1,1,30,2025-10-18 21:09:07.443031,Pending,Analyst_1
5708,1205,2025-09-21 10:59:08.443031,154.65349004803082,Travel,Domestic,POS,10,6,1,91.98549156113904,88.62593338693895,2,1,10,2025-09-21 10:59:08.443031,Confirmed,Analyst_1
5764,4854,2025-09-23 01:18:49.443031,5.28090956357158,Grocery,International,Online,1,1,0,54.04811698093381,40.091922584878105,10,1,35,2025-09-23 01:18:49.443031,Confirmed,System
5835,3330,2025-10-06 17:33:13.443031,401.3089117890511,Online,Domestic,Online,17,0,0,133.66204123316191,156.1605466796564,5,1,0,2025-10-06 17:33:13.443031,Confirmed,Analyst_2
5867,4062,2025-09-21 04:25:50.443031,44.84771708763115,Travel,International,POS,4,6,1,46.09330432714005,22.984879006672934,3,1,45,2025-09-21 04:25:50.443031,Confirmed,Analyst_1
5869,4250,2025-08-13 20:09:55.443031,22.071870810207855,Travel,Domestic,POS,20,2,0,22.071870810207855,,1,1,0,2025-08-13 20:09:55.443031,Confirmed,Analyst_1
5877,4197,2025-07-31 04:23:21.443031,47.67923158778288,Retail,International,Mobile,4,3,0,29.141829306733285,18.162788184390333,5,1,35,2025-07-31 04:23:21.443031,Pending,System
5880,2924,2025-10-25 02:29:43.443031,102.16930261226777,Restaurant,International,Mobile,2,5,1,67.331607587229,49.26794078622753,2,1,45,2025-10-25 02:29:43.443031,Confirmed,System
5957,2826,2025-09-07 02:52:10.443031,121.29240450261722,Online,Domestic,POS,2,6,1,68.18747313267424,47.76738107560648,3,1,25,2025-09-07 02:52:10.443031,Confirmed,Analyst_2
5962,3633,2025-09-10 12:52:15.443031,26.231170731689797,Retail,Domestic,POS,12,2,0,26.231170731689797,,1,1,0,2025-09-10 12:52:15.443031,Confirmed,Analyst_1
5963,3213,2025-08-21 10:31:39.443031,15.999418591946982,Gas Station,International,POS,10,3,0,22.047540591074696,8.553336158053488,2,1,20,2025-08-21 10:31:39.443031,Pending,Analyst_1
5964,1021,2025-08-18 03:47:31.443031,7.039210096671271,Retail,Domestic,POS,3,0,0,41.14018953991565,64.47936857117601,6,1,15,2025-08-18 03:47:31.443031,Pending,Analyst_2
5985,3849,2025-08-25 22:49:38.443031,227.03136525054148,Gas Station,Domestic,Online,22,0,0,173.58766348890322,134.3842375802313,5,1,0,2025-08-25 22:49:38.443031,Confirmed,System
6019,2813,2025-10-06 00:02:23.443031,56.79674447178355,Gas Station,International,POS,0,0,0,36.99440031147724,28.004743678284832,2,1,35,2025-10-06 00:02:23.443031,Confirmed,Analyst_2
6025,1283,2025-10-24 00:35:06.443031,213.34325894414542,Retail,Domestic,POS,0,4,0,130.52859018681715,117.11762772004903,2,1,15,2025-10-24 00:35:06.443031,False Positive,Analyst_2
6043,4871,2025-10-12 04:16:14.443031,9.900224259717088,Gas Station,Domestic,POS,4,6,1,106.58425047979128,112.1598391352661,4,1,25,2025-10-12 04:16:14.443031,Pending,Analyst_2
6083,2134,2025-08-29 03:21:10.443031,19.807296294739345,Travel,International,POS,3,4,0,59.13541044048402,67.33641425903271,5,1,35,2025-08-29 03:21:10.443031,False Positive,System
6158,1679,2025-09-12 07:45:04.443031,41.43502973792226,Gas Station,Domestic,POS,7,4,0,22.441142596279377,26.861412797895298,2,1,0,2025-09-12 07:45:04.443031,False Positive,System
6165,3139,2025-09-02 04:43:02.443031,71.63778974699974,Retail,International,Online,4,1,0,64.26214821118393,41.26077745087123,5,1,35,2025-09-02 04:43:02.443031,Pending,Analyst_1
6178,1134,2025-08-21 03:07:40.443031,40.35286432015198,Online,International,POS,3,3,0,21.925055723852115,26.06085684170278,2,1,35,2025-08-21 03:07:40.443031,Confirmed,Analyst_1
6274,3719,2025-09-24 18:33:30.443031,229.72220701127745,Restaurant,Domestic,Online,18,2,0,75.89221124236994,88.39152356347995,5,1,0,2025-09-24 18:33:30.443031,Confirmed,Analyst_2
6292,1757,2025-08-16 08:46:40.443031,10.652032465324965,Travel,Domestic,POS,8,5,1,10.811117235818413,3.5283416348682786,3,1,10,2025-08-16 08:46:40.443031,Confirmed,Analyst_1
6318,4198,2025-10-17 01:33:36.443031,194.17146921268724,Restaurant,Domestic,Online,1,4,0,71.7684443848952,70.53987133856091,5,1,15,2025-10-17 01:33:36.443031,Confirmed,System
6337,3222,2025-09-11 01:10:21.443031,48.62744336334193,Gas Station,International,Online,1,3,0,33.79469451151184,28.808946709368605,3,1,35,2025-09-11 01:10:21.443031,Confirmed,Analyst_1
6352,2456,2025-08-08 05:23:49.443031,7.158844356065819,Retail,International,POS,5,4,0,41.182909942880514,48.117294999945045,2,1,35,2025-08-08 05:23:49.443031,Pending,Analyst_1
6390,3072,2025-10-22 00:08:46.443031,39.21209451895287,Travel,International,POS,0,2,0,20.61143466725627,26.30530543135805,2,1,35,2025-10-22 00:08:46.443031,Pending,System
6402,3546,2025-10-24 10:38:25.443031,23.55210725527525,Retail,Domestic,Online,10,4,0,49.35353993764479,27.26825765434446,4,1,0,2025-10-24 10:38:25.443031,Pending,Analyst_1
6416,1138,2025-10-19 17:16:31.443031,177.72065999556602,Online,Domestic,POS,17,6,1,74.16871281643532,65.08845501375232,5,1,10,2025-10-19 17:16:31.443031,Confirmed,System
6461,3998,2025-09-30 09:53:09.443031,8.219440414087492,Gas Station,Domestic,POS,9,1,0,24.89328283904977,24.8589522814858,4,1,0,2025-09-30 09:53:09.443031,Pending,Analyst_1
6479,3952,2025-09-14 02:42:25.443031,17.429793686874294,Restaurant,International,Online,2,6,1,22.699270734569836,16.57190357156228,3,1,45,2025-09-14 02:42:25.443031,False Positive,Analyst_1
6560,3443,2025-08-30 02:44:52.443031,1.8795531111589343,Online,International,POS,2,5,1,21.506075265443936,17.52224704429201,3,1,45,2025-08-30 02:44:52.443031,Confirmed,Analyst_2
6576,3108,2025-10-15 18:21:03.443031,16.39704256672275,Grocery,Domestic,POS,18,2,0,15.215043982865108,1.671598427997268,2,1,0,2025-10-15 18:21:03.443031,Confirmed,Analyst_1
6628,2722,2025-10-24 08:12:16.443031,18.3696209317083,Online,Domestic,Mobile,8,4,0,31.798699024058134,35.86698807059953,5,1,0,2025-10-24 08:12:16.443031,False Positive,Analyst_2
6639,4335,2025-09-24 06:42:06.443031,12.142386944276549,Retail,Domestic,POS,6,2,0,28.462019629328925,26.36324632961586,4,1,0,2025-09-24 06:42:06.443031,Pending,Analyst_1
6664,3828,2025-10-08 15:17:20.443031,97.58143281891253,Retail,Domestic,Mobile,15,2,0,58.25191802998595,32.42093102600565,7,1,0,2025-10-08 15:17:20.443031,Pending,Analyst_2
6688,4427,2025-09-29 02:08:20.443031,23.37746951119782,Restaurant,Domestic,POS,2,0,0,122.25722005263886,142.3731206982008,3,1,15,2025-09-29 02:08:20.443031,False Positive,Analyst_1
6689,2951,2025-08-14 05:39:42.443031,249.32731097259216,Travel,Domestic,Online,5,3,0,130.8064666836361,111.18128509703368,3,1,15,2025-08-14 05:39:42.443031,Confirmed,System
6735,2136,2025-08-02 23:52:30.443031,181.58065022031252,Restaurant,Domestic,Mobile,23,5,1,45.53661702149668,62.22963704833653,7,1,40,2025-08-02 23:52:30.443031,Pending,Analyst_1
6756,4414,2025-09-20 11:10:59.443031,216.8095242015147,Restaurant,Domestic,Mobile,11,5,1,129.4554033529711,103.44153929897212,4,1,10,2025-09-20 11:10:59.443031,Pending,System
6792,1531,2025-10-04 20:41:19.443031,75.69779700316165,Online,International,POS,20,5,1,40.831282607796766,25.486600109849416,4,1,30,2025-10-04 20:41:19.443031,False Positive,System
6801,4020,2025-10-11 07:52:51.443031,226.33719781832582,Online,Domestic,Online,7,5,1,108.53377510479667,83.68202572917113,4,1,10,2025-10-11 07:52:51.443031,Confirmed,Analyst_2
6803,1804,2025-08-15 18:12:37.443031,305.6113267233727,Grocery,Domestic,POS,18,4,0,133.29577833982142,115.30538748245779,4,1,0,2025-08-15 18:12:37.443031,Pending,System
6809,4609,2025-08-15 03:00:54.443031,194.17302544632977,Retail,Domestic,Online,3,4,0,112.7121316527328,56.828725954513914,4,1,15,2025-08-15 03:00:54.443031,False Positive,System
6823,3387,2025-10-18 02:41:02.443031,26.89872848724223,Retail,International,POS,2,5,1,39.24116028422048,17.635104804589417,3,1,45,2025-10-18 02:41:02.443031,Confirmed,Analyst_2
6856,3654,2025-09-15 00:23:25.443031,4.9902789229973274,Retail,International,POS,0,0,0,42.43615162761911,38.12709068109384,3,1,35,2025-09-15 00:23:25.443031,False Positive,Analyst_1
6880,2825,2025-09-29 00:18:25.443031,190.00694795564837,Retail,Domestic,POS,0,0,0,90.09398024710833,88.242846900346,3,1,15,2025-09-29 00:18:25.443031,Pending,Analyst_1
6888,1563,2025-09-28 07:54:44.443031,13.87535477426206,Restaurant,Domestic,POS,7,6,1,12.57305314035402,4.554558959593363,3,1,10,2025-09-28 07:54:44.443031,Confirmed,System
6933,4713,2025-08-17 10:29:04.443031,204.4422947989192,Retail,International,Mobile,10,6,1,101.90165565915032,87.94558318887601,4,1,30,2025-08-17 10:29:04.443031,Pending,Analyst_2
6946,4199,2025-10-04 04:50:15.443031,152.14264543930054,Restaurant,Domestic,Mobile,4,5,1,51.50034832210541,63.030807175411574,5,1,25,2025-10-04 04:50:15.443031,Confirmed,Analyst_1
6959,1990,2025-10-05 13:45:08.443031,158.28965365399478,Retail,International,Online,13,6,1,64.50986339885323,81.46521386685161,3,1,30,2025-10-05 13:45:08.443031,Pending,Analyst_2
7000,4109,2025-09-14 19:01:23.443031,271.40662951362964,Grocery,International,Online,19,6,1,97.37933465939186,150.86758028516016,3,1,30,2025-09-14 19:01:23.443031,Confirmed,Analyst_2
7012,1186,2025-09-03 00:05:09.443031,15.691509931750089,Retail,Domestic,POS,0,2,0,50.9272659894085,48.474417278289735,7,1,15,2025-09-03 00:05:09.443031,Pending,System
7013,3392,2025-09-04 08:00:31.443031,225.8326306152668,Grocery,Domestic,Online,8,3,0,124.94717863640369,142.6735744346478,2,1,0,2025-09-04 08:00:31.443031,Pending,Analyst_2
7039,3533,2025-09-02 04:47:06.443031,55.94966576496908,Retail,International,Mobile,4,1,0,61.12712356114533,7.322031033966767,2,1,35,2025-09-02 04:47:06.443031,False Positive,System
7050,3805,2025-09-04 05:36:17.443031,21.066196702412782,Retail,International,POS,5,3,0,44.23274658371595,42.54871246551308,4,1,35,2025-09-04 05:36:17.443031,Pending,Analyst_2
7059,1071,2025-10-06 10:53:04.443031,221.07016878823003,Retail,Domestic,POS,10,0,0,78.81194444274408,95.29218547582765,4,1,0,2025-10-06 10:53:04.443031,Confirmed,System
7089,4477,2025-08-25 04:35:52.443031,71.91859192484588,Travel,Domestic,POS,4,0,0,71.91859192484588,,1,1,15,2025-08-25 04:35:52.443031,Confirmed,Analyst_1
7099,1336,2025-08-31 15:31:14.443031,204.36642160756526,Gas Station,Domestic,Mobile,15,6,1,128.2664387919331,107.62162779422647,2,1,10,2025-08-31 15:31:14.443031,Confirmed,Analyst_2
7146,3653,2025-09-09 05:05:14.443031,200.11713074307934,Travel,Domestic,POS,5,1,0,109.99983867711195,127.44509664402838,2,1,15,2025-09-09 05:05:14.443031,Confirmed,System
7175,2121,2025-09-15 05:08:21.443031,0.574926606872709,Online,International,Online,5,0,0,6.826683574352631,5.525743881703263,3,1,35,2025-09-15 05:08:21.443031,Confirmed,Analyst_1
7178,4871,2025-10-14 20:55:19.443031,222.79390151287276,Restaurant,Domestic,Online,20,1,0,106.58425047979128,112.1598391352661,4,1,0,2025-10-14 20:55:19.443031,False Positive,System
7217,1498,2025-10-14 06:42:09.443031,212.14322652203603,Retail,International,Online,6,1,0,85.85492463432686,94.37112332300195,4,1,20,2025-10-14 06:42:09.443031,Confirmed,System
7290,1183,2025-08-31 05:38:24.443031,332.21119407423606,Online,Domestic,Online,5,6,1,332.21119407423606,,1,1,25,2025-08-31 05:38:24.443031,False Positive,System
7294,2398,2025-09-13 05:47:51.443031,177.1480574506195,Retail,Domestic,POS,5,5,1,100.52091287397914,108.36714710620875,2,1,25,2025-09-13 05:47:51.443031,Confirmed,System
7296,3796,2025-09-12 18:43:33.443031,53.20007097283982,Travel,International,Online,18,4,0,28.857808088185084,20.79792775731726,4,1,20,2025-09-12 18:43:33.443031,Confirmed,System
7299,3849,2025-07-28 14:42:06.443031,178.85276317212356,Restaurant,International,Online,14,0,0,173.58766348890322,134.3842375802313,5,1,20,2025-07-28 14:42:06.443031,Confirmed,Analyst_2
7306,2096,2025-08-04 10:57:23.443031,190.5998069398614,Retail,Domestic,Mobile,10,0,0,117.77126740101119,96.18244560359487,3,1,0,2025-08-04 10:57:23.443031,Pending,Analyst_1
7323,1104,2025-08-29 00:48:27.443031,20.150175890956,Grocery,International,POS,0,4,0,69.11695460852019,70.28365991811057,4,1,35,2025-08-29 00:48:27.443031,Confirmed,Analyst_1
7333,2494,2025-09-28 19:33:04.443031,319.0606027791378,Gas Station,Domestic,Online,19,6,1,118.15375842545019,174.560080712559,3,1,10,2025-09-28 19:33:04.443031,Confirmed,Analyst_1
7344,4970,2025-09-27 02:15:48.443031,27.657778625216757,Gas Station,Domestic,Online,2,5,1,27.900297795453273,0.21151246987991842,3,1,25,2025-09-27 02:15:48.443031,Confirmed,Analyst_2
7355,4552,2025-09-16 03:11:17.443031,46.49418140013213,Gas Station,Domestic,POS,3,1,0,124.29212529739924,83.9065793796305,3,1,15,2025-09-16 03:11:17.443031,Confirmed,System
7368,1888,2025-08-18 00:01:38.443031,12.407064126867585,Travel,Domestic,Online,0,0,0,76.0593621587221,44.91469285626719,5,1,15,2025-08-18 00:01:38.443031,Pending,Analyst_2
7419,3077,2025-09-24 04:59:43.443031,18.800574900627566,Gas Station,International,Online,4,2,0,25.941052149041433,10.098159766523409,2,1,35,2025-09-24 04:59:43.443031,Confirmed,System
7431,3940,2025-10-23 13:06:17.443031,5.317428075490343,Travel,Domestic,Online,13,3,0,70.6720890593435,74.18915633152908,5,1,0,2025-10-23 13:06:17.443031,False Positive,Analyst_2
7457,1760,2025-10-14 02:13:51.443031,83.40833452977864,Grocery,International,POS,2,1,0,47.77070291321026,50.399221963007214,2,1,35,2025-10-14 02:13:51.443031,Confirmed,Analyst_1
7488,2262,2025-08-08 09:53:18.443031,31.815684132478257,Online,Domestic,Mobile,9,4,0,48.44990164802048,19.94602625932684,4,1,0,2025-08-08 09:53:18.443031,Pending,Analyst_2
7508,4288,2025-09-07 02:17:52.443031,141.2038287723646,Retail,Domestic,POS,2,6,1,82.47920072181297,83.04916543440561,2,1,25,2025-09-07 02:17:52.443031,Confirmed,System
7529,1555,2025-09-22 01:21:10.443031,240.95914198156413,Retail,Domestic,POS,1,0,0,110.75195853859499,113.12486322947053,3,1,15,2025-09-22 01:21:10.443031,False Positive,Analyst_1
7649,4722,2025-08-15 20:36:16.443031,47.50315082481496,Travel,Domestic,Online,20,4,0,42.60256797260281,17.187161296310624,3,1,0,2025-08-15 20:36:16.443031,False Positive,Analyst_1
7673,4049,2025-08-21 06:11:59.443031,206.8150793959567,Grocery,Domestic,Online,6,3,0,114.8265199396412,130.0914683662852,2,1,0,2025-08-21 06:11:59.443031,False Positive,System
7681,2553,2025-10-09 12:22:07.443031,152.26786880049934,Grocery,International,Mobile,12,3,0,57.21450360815913,63.52569557523757,4,1,20,2025-10-09 12:22:07.443031,Pending,System
7703,1494,2025-08-27 15:02:02.443031,162.76572666771528,Retail,Domestic,Online,15,2,0,66.23478382867107,72.48960738018297,4,1,0,2025-08-27 15:02:02.443031,Confirmed,Analyst_2
7705,2609,2025-08-31 06:06:07.443031,35.94212000825906,Grocery,Domestic,POS,6,6,1,25.294694456270207,15.086003816569233,3,1,10,2025-08-31 06:06:07.443031,False Positive,System
7765,2781,2025-08-01 01:48:29.443031,11.486857679091917,Grocery,Domestic,POS,1,4,0,46.90594943912486,36.9333202200869,7,1,15,2025-08-01 01:48:29.443031,Confirmed,System
7781,1140,2025-10-24 21:46:43.443031,5.654269482335344,Retail,Domestic,POS,21,4,0,41.514854345336815,52.55303564680033,4,1,0,2025-10-24 21:46:43.443031,Pending,System
7786,1252,2025-10-08 19:20:57.443031,108.70772268481997,Retail,Domestic,Online,19,2,0,108.70772268481997,,1,1,0,2025-10-08 19:20:57.443031,Pending,Analyst_1
7838,4217,2025-09-02 02:52:20.443031,47.83531420292947,Gas Station,International,Mobile,2,1,0,39.852740129255935,34.16306758243103,3,1,35,2025-09-02 02:52:20.443031,False Positive,System
7920,1926,2025-09-29 01:37:27.443031,2.16426859643377,Retail,International,Online,1,0,0,2.16426859643377,,1,1,35,2025-09-29 01:37:27.443031,Confirmed,Analyst_1
7936,2371,2025-09-02 23:17:16.443031,131.3039056948193,Gas Station,International,POS,23,1,0,74.82325038750689,79.87570874732113,2,1,20,2025-09-02 23:17:16.443031,False Positive,Analyst_1
7960,3928,2025-08-27 17:42:28.443031,150.3400371277286,Restaurant,Domestic,POS,17,2,0,68.98846827020803,65.41495855498644,6,1,0,2025-08-27 17:42:28.443031,Pending,Analyst_1
7994,3410,2025-09-04 12:30:40.443031,174.55480502620654,Gas Station,Domestic,Online,12,3,0,53.74996546062584,62.12987566565393,6,1,0,2025-09-04 12:30:40.443031,Confirmed,System
8021,4747,2025-09-08 23:58:00.443031,265.4461956735918,Restaurant,International,Online,23,0,0,59.508614375424244,85.98740718450108,8,1,50,2025-09-08 23:58:00.443031,Pending,System
8053,2477,2025-10-21 03:34:14.443031,10.44964055347052,Travel,International,Online,3,1,0,10.44964055347052,,1,1,35,2025-10-21 03:34:14.443031,Pending,Analyst_1
8103,1555,2025-09-02 05:58:53.443031,54.692796902701936,Restaurant,Domestic,POS,5,1,0,110.75195853859499,113.12486322947053,3,1,15,2025-09-02 05:58:53.443031,Confirmed,Analyst_2
8124,3237,2025-09-16 03:07:00.443031,184.6481913915938,Online,Domestic,POS,3,1,0,96.95710372599163,124.01392547594263,2,1,15,2025-09-16 03:07:00.443031,Confirmed,Analyst_2
8135,2534,2025-10-08 02:28:23.443031,33.0514707007645,Online,Domestic,POS,2,2,0,43.48786483119577,18.20708083369828,4,1,15,2025-10-08 02:28:23.443031,Confirmed,Analyst_2
8151,1607,2025-08-23 09:26:47.443031,159.34190460106842,Retail,Domestic,Mobile,9,5,1,50.08140466575861,64.66352608435214,5,1,10,2025-08-23 09:26:47.443031,False Positive,System
8162,2581,2025-08-15 00:35:38.443031,38.77283495708798,Retail,International,POS,0,4,0,32.612997858728235,10.117330191348184,4,1,35,2025-08-15 00:35:38.443031,Pending,Analyst_1
8182,2698,2025-09-14 08:40:27.443031,177.40162669793006,Gas Station,Domestic,Mobile,8,6,1,75.77280828071277,93.3869302062551,5,1,10,2025-09-14 08:40:27.443031,Pending,System
8215,1857,2025-09-08 23:30:06.443031,162.10393656486616,Online,Domestic,Online,23,0,0,68.74068532524014,80.93227657557583,3,1,0,2025-09-08 23:30:06.443031,Confirmed,Analyst_1
8223,1136,2025-08-06 02:16:17.443031,18.554369288070728,Travel,International,Online,2,2,0,22.139653575867044,12.01481272309052,7,1,35,2025-08-06 02:16:17.443031,False Positive,Analyst_2
8243,3949,2025-08-25 23:36:46.443031,297.2505567664399,Retail,Domestic,POS,23,0,0,94.2926013065069,137.76669472182425,4,1,0,2025-08-25 23:36:46.443031,Confirmed,System
8260,3406,2025-09-22 17:46:13.443031,30.616107284411946,Retail,Domestic,POS,17,0,0,30.616107284411946,,1,1,0,2025-09-22 17:46:13.443031,Confirmed,Analyst_2
8269,4634,2025-10-03 00:53:43.443031,28.225866478347793,Grocery,International,POS,0,4,0,27.829869119448563,16.42899337534785,5,1,35,2025-10-03 00:53:43.443031,Confirmed,Analyst_1
8303,1537,2025-08-30 16:38:13.443031,160.60349940893332,Grocery,International,Mobile,16,5,1,58.92783926949016,88.23018577740292,3,1,30,2025-08-30 16:38:13.443031,Pending,Analyst_2
8315,1272,2025-08-21 07:29:33.443031,19.918926096087255,Retail,Domestic,POS,7,3,0,19.59265501370904,24.005640683997182,4,1,0,2025-08-21 07:29:33.443031,Pending,Analyst_1
8371,4584,2025-09-18 07:11:15.443031,238.4297014074517,Online,Domestic,Online,7,3,0,117.31763502431166,111.38794558209926,3,1,0,2025-09-18 07:11:15.443031,Confirmed,System
8436,3645,2025-10-22 10:10:54.443031,21.311053421506276,Travel,Domestic,POS,10,2,0,30.914443618710035,38.079242063108246,6,1,0,2025-10-22 10:10:54.443031,False Positive,System
8477,2209,2025-09-21 22:49:07.443031,27.409524742959768,Gas Station,Domestic,Mobile,22,6,1,40.863225451928415,15.436200753534125,3,1,10,2025-09-21 22:49:07.443031,Confirmed,Analyst_2
8484,1721,2025-10-21 16:27:25.443031,2.6797967487135645,Retail,Domestic,POS,16,1,0,4.3497056717496765,2.3616078468855184,2,1,0,2025-10-21 16:27:25.443031,Confirmed,System
8485,4267,2025-08-07 01:54:15.443031,140.0281272663078,Online,International,Mobile,1,3,0,133.8176746088391,27.315194323561332,4,1,35,2025-08-07 01:54:15.443031,Confirmed,Analyst_1
8500,2590,2025-08-27 13:41:32.443031,33.59592812141221,Restaurant,International,POS,13,2,0,22.083933994408824,19.938601018448573,5,1,20,2025-08-27 13:41:32.443031,Confirmed,Analyst_1
8503,2886,2025-10-17 23:58:50.443031,27.64174702018555,Restaurant,Domestic,POS,23,4,0,27.64174702018555,,1,1,0,2025-10-17 23:58:50.443031,False Positive,Analyst_2
8592,2689,2025-10-24 02:19:08.443031,41.03097354337379,Retail,Domestic,POS,2,4,0,21.77871205544244,27.226809302585735,2,1,15,2025-10-24 02:19:08.443031,Confirmed,Analyst_1
8594,2391,2025-09-23 18:19:02.443031,188.92999643436661,Retail,Domestic,Mobile,18,1,0,125.5163727940649,58.02854384912697,3,1,0,2025-09-23 18:19:02.443031,Pending,System
8611,2819,2025-09-08 03:19:50.443031,154.1230686493962,Restaurant,International,Mobile,3,0,0,105.10998850332516,58.63351961465158,4,1,35,2025-09-08 03:19:50.443031,Confirmed,Analyst_2
8612,3705,2025-09-06 09:53:38.443031,232.6431409565313,Online,Domestic,Mobile,9,5,1,107.29660396636284,96.84830647031356,4,1,10,2025-09-06 09:53:38.443031,Confirmed,Analyst_2
8618,3226,2025-10-08 13:32:44.443031,156.78162271389192,Online,Domestic,POS,13,2,0,100.46004287237149,79.6507420661573,2,1,0,2025-10-08 13:32:44.443031,Confirmed,System
8632,1993,2025-09-18 09:27:19.443031,246.78424597993885,Retail,Domestic,POS,9,3,0,77.14032402590827,114.3952191662786,4,1,0,2025-09-18 09:27:19.443031,False Positive,System
8681,3934,2025-09-21 10:37:30.443031,95.57432245690201,Travel,Domestic,POS,10,6,1,53.491335734354834,31.9264080324315,4,1,10,2025-09-21 10:37:30.443031,Pending,System
8688,3123,2025-08-20 11:57:47.443031,168.92728182710954,Online,Domestic,Online,11,2,0,63.2104238645467,76.01180165437917,4,1,0,2025-08-20 11:57:47.443031,Confirmed,Analyst_2
8708,2191,2025-09-29 14:32:37.443031,182.00106293285907,Travel,Domestic,Online,14,0,0,68.58955387018611,75.24920050807346,7,1,0,2025-09-29 14:32:37.443031,Confirmed,Analyst_2
8719,1418,2025-08-11 03:06:35.443031,247.40761458999305,Retail,Domestic,POS,3,0,0,141.67134266127388,149.5336697963642,2,1,15,2025-08-11 03:06:35.443031,Confirmed,Analyst_1
8745,1490,2025-08-30 07:12:29.443031,26.23496886477775,Retail,Domestic,POS,7,5,1,28.50101270206347,18.21645491646478,4,1,10,2025-08-30 07:12:29.443031,False Positive,Analyst_2
8762,1434,2025-08-22 02:02:41.443031,36.28876913086571,Online,International,POS,2,4,0,45.296222142677806,25.24439958143797,4,1,35,2025-08-22 02:02:41.443031,Confirmed,Analyst_2
8764,2158,2025-09-12 20:51:39.443031,55.77145212992829,Gas Station,Domestic,Online,20,4,0,20.831599745984942,30.34462439022178,3,1,0,2025-09-12 20:51:39.443031,Confirmed,Analyst_1
8788,2627,2025-09-11 02:45:55.443031,48.19493095744073,Retail,International,POS,2,3,0,44.53035633390192,5.182491132936864,2,1,35,2025-09-11 02:45:55.443031,False Positive,Analyst_2
8799,3296,2025-08-31 22:41:58.443031,109.51102174071694,Online,International,POS,22,6,1,66.20108438049918,61.24950080034916,2,1,30,2025-08-31 22:41:58.443031,Pending,Analyst_1
8811,2378,2025-10-04 21:01:22.443031,10.225004854228835,Online,Domestic,Online,21,5,1,8.858558542636583,7.558431923020185,4,1,10,2025-10-04 21:01:22.443031,Confirmed,Analyst_1
8852,2462,2025-10-21 06:47:40.443031,166.14717187356268,Retail,Domestic,Online,6,1,0,77.50629853285753,67.02946664519601,8,1,0,2025-10-21 06:47:40.443031,Confirmed,Analyst_1
8874,1955,2025-10-02 15:02:35.443031,6.35188784803953,Online,Domestic,POS,15,3,0,13.49999615324138,8.716688557418777,4,1,0,2025-10-02 15:02:35.443031,False Positive,System
8885,3668,2025-09-09 13:58:05.443031,69.39256404267374,Gas Station,Domestic,Online,13,1,0,41.9603934965183,17.19869295410916,5,1,0,2025-09-09 13:58:05.443031,Confirmed,System
8904,3572,2025-08-10 02:29:21.443031,168.1787583243382,Online,International,POS,2,6,1,101.94661347765035,93.66639750724525,2,1,45,2025-08-10 02:29:21.443031,Confirmed,Analyst_2
8907,4692,2025-10-10 17:40:28.443031,16.14284607084947,Online,Domestic,Mobile,17,4,0,13.03268481482485,4.398432229437354,2,1,0,2025-10-10 17:40:28.443031,Pending,Analyst_1
8915,1190,2025-09-20 02:01:30.443031,5.24920447748725,Grocery,International,Mobile,2,5,1,37.43002363325498,49.5565298804934,5,1,45,2025-09-20 02:01:30.443031,False Positive,System
8930,4339,2025-09-05 21:36:50.443031,10.517312167385995,Online,International,POS,21,4,0,29.048037016475156,21.265621449245643,5,1,20,2025-09-05 21:36:50.443031,Confirmed,Analyst_1
8947,2174,2025-09-25 09:20:54.443031,168.99656351344422,Gas Station,Domestic,POS,9,3,0,168.99656351344422,,1,1,0,2025-09-25 09:20:54.443031,Confirmed,Analyst_1
8951,3244,2025-09-21 00:38:03.443031,106.13468391918704,Gas Station,International,POS,0,6,1,98.53238727565139,31.606633641851367,4,1,45,2025-09-21 00:38:03.443031,Pending,System
8952,1734,2025-09-25 10:14:05.443031,166.41472243371308,Retail,Domestic,POS,10,3,0,104.8849215143658,87.01627895025746,2,1,0,2025-09-25 10:14:05.443031,Confirmed,Analyst_1
8966,1731,2025-10-18 02:58:22.443031,10.362194241137013,Travel,International,Mobile,2,5,1,35.299813285674034,29.456587991857244,4,1,45,2025-10-18 02:58:22.443031,Pending,Analyst_2
9004,4613,2025-10-22 03:33:19.443031,213.29824295962837,Grocery,Domestic,Online,3,2,0,128.40263858889935,77.42991136943289,3,1,15,2025-10-22 03:33:19.443031,False Positive,Analyst_2
9034,3332,2025-08-01 02:09:51.443031,7.584381977959283,Retail,International,Mobile,2,4,0,36.45527547238279,40.82960913764288,2,1,35,2025-08-01 02:09:51.443031,False Positive,Analyst_2
9051,2212,2025-09-04 14:49:41.443031,31.999935773756988,Retail,Domestic,POS,14,3,0,80.58876721731656,55.55490832623271,4,1,0,2025-09-04 14:49:41.443031,Pending,Analyst_2
9084,2542,2025-09-06 02:59:27.443031,64.36688446457826,Retail,Domestic,Online,2,5,1,43.683790769716964,29.2503116151063,2,1,25,2025-09-06 02:59:27.443031,Confirmed,System
9097,2908,2025-08-05 17:27:42.443031,159.39708401068054,Travel,Domestic,POS,17,1,0,112.17054286465513,66.78841499268015,2,1,0,2025-08-05 17:27:42.443031,Confirmed,System
9102,3024,2025-10-24 01:10:11.443031,4.193173218535364,Gas Station,Domestic,Online,1,4,0,7.1840935774070065,4.229800135494082,2,1,15,2025-10-24 01:10:11.443031,False Positive,Analyst_2
9121,2340,2025-09-15 15:35:50.443031,186.26335204160267,Grocery,Domestic,Online,15,0,0,107.88965628700885,110.83714346944925,2,1,0,2025-09-15 15:35:50.443031,Confirmed,System
9124,2808,2025-09-02 17:42:47.443031,35.64472862883933,Grocery,Domestic,Online,17,1,0,46.63762952554945,22.410534075063865,3,1,0,2025-09-02 17:42:47.443031,False Positive,Analyst_2
9135,4150,2025-10-19 17:30:02.443031,270.73429846946846,Gas Station,International,POS,17,6,1,113.72570733163093,110.04677791416134,4,1,30,2025-10-19 17:30:02.443031,Confirmed,System
9221,3866,2025-10-03 02:40:17.443031,162.95751700438512,Gas Station,Domestic,POS,2,4,0,60.48538003001643,74.34247570301882,4,1,15,2025-10-03 02:40:17.443031,Pending,System
9230,1264,2025-09-22 04:25:02.443031,216.41740020846694,Gas Station,Domestic,POS,4,0,0,93.23337497706045,86.20618768919849,5,1,15,2025-09-22 04:25:02.443031,Confirmed,Analyst_1
9242,3925,2025-10-09 14:37:33.443031,204.49057548704593,Gas Station,Domestic,Mobile,14,3,0,112.99362508212675,129.39622817841513,2,1,0,2025-10-09 14:37:33.443031,Confirmed,Analyst_2
9246,4008,2025-08-03 06:36:58.443031,151.88860285684967,Travel,Domestic,Mobile,6,6,1,108.83049934165074,60.893353961258974,2,1,10,2025-08-03 06:36:58.443031,Pending,Analyst_1
9252,4331,2025-10-19 09:53:37.443031,226.67150145766448,Retail,Domestic,POS,9,6,1,79.91518391331549,97.02335610973832,5,1,10,2025-10-19 09:53:37.443031,Pending,Analyst_2
9277,4511,2025-09-25 02:02:19.443031,89.67030882179516,Gas Station,International,POS,2,3,0,73.53443944706322,40.83331272306585,5,1,35,2025-09-25 02:02:19.443031,False Positive,System
9282,1228,2025-09-21 19:30:27.443031,130.66849641950358,Retail,International,Mobile,19,6,1,97.28811512291708,47.20698794681783,2,1,30,2025-09-21 19:30:27.443031,Confirmed,Analyst_2
9306,1469,2025-09-26 16:45:25.443031,150.8893649381632,Grocery,Domestic,POS,16,4,0,56.73539451922996,81.57413290362734,3,1,0,2025-09-26 16:45:25.443031,Pending,Analyst_1
9314,3410,2025-09-06 05:29:27.443031,39.54839443995836,Gas Station,Domestic,POS,5,5,1,53.74996546062584,62.12987566565393,6,1,25,2025-09-06 05:29:27.443031,False Positive,Analyst_1
9339,4502,2025-10-02 13:26:28.443031,177.53633581862104,Online,Domestic,POS,13,3,0,106.62644326947407,55.187716787617674,4,1,0,2025-10-02 13:26:28.443031,Pending,System
9350,4605,2025-08-29 01:29:00.443031,211.4648803703449,Online,Domestic,POS,1,4,0,102.21064019679159,95.76077329794091,3,1,15,2025-08-29 01:29:00.443031,Pending,Analyst_1
9405,4683,2025-10-17 18:16:32.443031,28.43402720221609,Grocery,Domestic,POS,18,4,0,25.926283833633196,3.0267876702644076,3,1,0,2025-10-17 18:16:32.443031,Confirmed,System
9428,1001,2025-09-02 01:10:49.443031,10.140270780720792,Retail,International,Online,1,1,0,25.800040489966996,24.083334534830602,5,1,35,2025-09-02 01:10:49.443031,False Positive,System
9442,1750,2025-10-24 15:35:48.443031,34.514485048663666,Retail,Domestic,Mobile,15,4,0,31.87165875122272,26.559454175347827,3,1,0,2025-10-24 15:35:48.443031,Confirmed,System
9452,3582,2025-08-15 10:33:12.443031,210.09819804835232,Online,Domestic,POS,10,4,0,117.93607379036293,130.336926062763,2,1,0,2025-08-15 10:33:12.443031,Confirmed,System
9456,4918,2025-10-07 02:02:21.443031,10.15759408514852,Retail,International,Mobile,2,1,0,10.15759408514852,,1,1,35,2025-10-07 02:02:21.443031,Pending,System
9472,2913,2025-07-31 12:30:05.443031,202.41723304546798,Online,Domestic,Mobile,12,3,0,64.67624370312282,65.86620898581181,7,1,30,2025-07-31 12:30:05.443031,Confirmed,Analyst_1
9476,1805,2025-10-19 22:28:54.443031,66.18738812604319,Online,Domestic,POS,22,6,1,66.18738812604319,,1,1,10,2025-10-19 22:28:54.443031,Confirmed,Analyst_1
9477,4702,2025-09-16 16:28:47.443031,262.51149686167435,Gas Station,Domestic,POS,16,1,0,77.81470172474215,123.84093998642061,4,1,0,2025-09-16 16:28:47.443031,False Positive,Analyst_1
9481,4225,2025-08-01 05:55:31.443031,90.09957025026301,Gas Station,International,POS,5,4,0,34.34722202957785,38.31615524243461,4,1,35,2025-08-01 05:55:31.443031,Confirmed,Analyst_1
9483,3126,2025-10-18 07:36:00.443031,226.44067840215146,Gas Station,International,POS,7,5,1,94.50665612299433,76.97520238499511,5,1,30,2025-10-18 07:36:00.443031,Pending,System
9519,3121,2025-08-08 02:02:24.443031,59.211768079372185,Retail,International,POS,2,4,0,32.01479923551648,19.889571552836102,4,1,35,2025-08-08 02:02:24.443031,Confirmed,Analyst_2
9545,3060,2025-08-01 21:31:43.443031,207.545004393529,Retail,Domestic,Online,21,4,0,61.532165608203286,97.89563047264365,4,1,0,2025-08-01 21:31:43.443031,Pending,Analyst_2
9574,4201,2025-10-05 04:30:08.443031,154.2078041703328,Travel,Domestic,Online,4,6,1,65.73418320961126,48.567889085517535,7,1,25,2025-10-05 04:30:08.443031,False Positive,Analyst_2
9585,3865,2025-08-09 18:25:59.443031,51.64093999588103,Retail,International,Online,18,5,1,51.64093999588103,,1,1,30,2025-08-09 18:25:59.443031,Pending,Analyst_2
9635,2177,2025-09-21 18:25:31.443031,237.8104866433443,Grocery,Domestic,Online,18,6,1,56.88569163759987,101.3620521530507,5,1,10,2025-09-21 18:25:31.443031,Pending,Analyst_1
9653,3878,2025-09-23 07:22:35.443031,199.61122578052039,Gas Station,Domestic,Mobile,7,1,0,105.01193051885247,81.1670483833647,4,1,0,2025-09-23 07:22:35.443031,Confirmed,System
9667,3349,2025-09-23 08:23:18.443031,156.4359873649221,Restaurant,International,POS,8,1,0,50.08368323783827,60.92512234809822,5,1,20,2025-09-23 08:23:18.443031,Pending,Analyst_1
9725,3329,2025-09-30 03:17:35.443031,20.668763450777007,Travel,International,Online,3,1,0,18.72585704115071,2.7476845949151256,2,1,35,2025-09-30 03:17:35.443031,Confirmed,Analyst_1
9733,2480,2025-09-09 09:17:09.443031,224.41562733788766,Retail,Domestic,Mobile,9,1,0,224.41562733788766,,1,1,0,2025-09-09 09:17:09.443031,Confirmed,Analyst_1
9805,3887,2025-08-09 03:52:43.443031,35.972385554109096,Restaurant,International,POS,3,5,1,62.511870335680555,37.53249931649272,2,1,45,2025-08-09 03:52:43.443031,Confirmed,System
9831,1962,2025-08-14 10:17:10.443031,317.95211279775634,Grocery,Domestic,POS,10,3,0,166.2423227315088,214.5500426564623,2,1,0,2025-08-14 10:17:10.443031,Confirmed,Analyst_1
9954,1231,2025-08-23 16:37:49.443031,7.582314386659898,Travel,Domestic,POS,16,5,1,39.88785721300705,27.977443885329176,3,1,10,2025-08-23 16:37:49.443031,False Positive,System
9981,4964,2025-08-30 06:13:18.443031,33.791659671013704,Retail,Domestic,POS,6,5,1,22.608136630310085,15.815889959275053,2,1,10,2025-08-30 06:13:18.443031,Confirmed,Analyst_2
